Match_ID,date,home_team,away_team,value_ratio_log,caps_per_million_diff,xg_matchup_edge,clinical_finishing_diff,shot_volume_diff,set_piece_edge,keeper_workload_diff,continental_familiarity_diff,goal_diff
WC26_001,2026-06-11,Mexico,South Africa,2.155865005802101,-8.275717346217906,0.0,0.0,0.0,0.0,0.0,1,2
WC26_002,2026-06-11,South Korea,Czechia,-0.2970331978952296,3.06114148283137,0.0,0.0,0.0,0.0,0.0,0,1
WC26_003,2026-06-12,Canada,Bosnia and Herzegovina,0.3329214582122073,0.57699574777335,0.0,0.0,0.0,0.0,0.0,1,0
WC26_004,2026-06-12,USA,Paraguay,1.046995961645649,-2.668575203441131,0.0,0.0,0.0,0.0,0.0,1,3
WC26_005,2026-06-13,Qatar,Switzerland,-1.079985887304419,9.860998114348249,0.0,0.0,0.0,0.0,0.0,0,0
WC26_006,2026-06-13,Brazil,Morocco,0.670701518025245,-0.5395069725424315,0.0,0.0,0.0,0.0,0.0,0,0
WC26_007,2026-06-13,Haiti,Scotland,-0.7667730449585023,2.993648893212597,0.0,0.0,0.0,0.0,0.0,1,-1
WC26_008,2026-06-13,Australia,Türkiye,-1.751257041084871,7.238399365862396,0.0,0.0,0.0,0.0,0.0,0,2
WC26_009,2026-06-14,Germany,Curaçao,3.20585287074483,-14.97823144388452,0.0,0.0,0.0,0.0,0.0,-1,6
WC26_010,2026-06-14,Netherlands,Japan,1.038595005152256,-1.892502927328662,0.0,0.0,0.0,0.0,0.0,0,0
WC26_011,2026-06-14,Côte d'Ivoire,Ecuador,0.6480791723512696,-1.574104600949493,0.0,0.0,0.0,0.0,0.0,0,1
WC26_012,2026-06-14,Sweden,Tunisia,1.64418169240416,-6.252670158445914,0.0,0.0,0.0,0.0,0.0,0,4
WC26_013,2026-06-15,Spain,Cabo Verde,3.108527183342293,-8.467142523557177,0.0,0.0,0.0,0.0,0.0,0,0
WC26_014,2026-06-15,Belgium,Egypt,1.165949722812851,-2.55020277731756,0.0,0.0,0.0,0.0,0.0,0,0
WC26_015,2026-06-15,Saudi Arabia,Uruguay,-0.9054036296247784,4.335847602321911,0.0,0.0,0.0,0.0,0.0,0,0
WC26_016,2026-06-15,IR Iran,New Zealand,1.344633498608718,-14.18212874104121,0.0,0.0,0.0,0.0,0.0,0,0
WC26_017,2026-06-16,France,Senegal,1.220309118408811,-1.73370243670676,0.0,0.0,0.0,0.0,0.0,0,2
WC26_018,2026-06-16,Iraq,Norway,-1.323138378599992,5.065322693030878,0.0,0.0,0.0,0.0,0.0,0,-3
WC26_019,2026-06-16,Argentina,Algeria,1.498149449160875,-2.224703359585092,0.0,0.0,0.0,0.0,0.0,0,3
WC26_020,2026-06-16,Austria,Jordan,0.8494470172968085,-6.162242427850494,0.0,0.0,0.0,0.0,0.0,0,2
WC26_021,2026-06-17,Portugal,Congo DR,2.013268084406065,-4.240411657770031,0.0,0.0,0.0,0.0,0.0,0,0
WC26_022,2026-06-17,England,Croatia,1.227564432070901,-2.391082989361689,0.0,0.0,0.0,0.0,0.0,0,2
WC26_023,2026-06-17,Ghana,Panama,0.1326987493148885,-5.993860475540577,0.0,0.0,0.0,0.0,0.0,-1,1
WC26_024,2026-06-17,Uzbekistan,Colombia,-1.689154405468626,9.121039880379842,0.0,0.0,0.0,0.0,0.0,0,-2
WC26_025,2026-06-18,Mexico,South Korea,1.085962823016423,-4.001565927900891,-0.2099999999999999,-0.3900000000000001,4.0,2.0,-1.0,1,1
WC26_026,2026-06-18,Czechia,South Africa,1.366935380680908,-7.335292901148386,0.2099999999999999,0.3999999999999999,7.0,0.0,0.0,0,0
WC26_027,2026-06-18,Canada,Qatar,0.5209974416459877,-8.310868979318036,0.01,-0.5700000000000001,7.0,6.0,-1.0,1,6
WC26_028,2026-06-18,Switzerland,Bosnia and Herzegovina,0.8919099038706387,-0.9731333872568606,-0.01,-0.56,18.0,6.0,-3.0,0,3
WC26_029,2026-06-19,Brazil,Haiti,2.678580329746256,-9.440891687226287,0.8200000000000002,0.6299999999999999,-2.0,1.0,-2.0,-1,3
WC26_030,2026-06-19,Scotland,Morocco,-1.241105766762508,5.907735821471259,-0.8200000000000002,0.45,-2.0,4.0,-2.0,0,-1
WC26_031,2026-06-19,USA,Australia,1.574809915951523,-6.855606730667807,1.44,0.7200000000000002,7.0,-2.0,-1.0,1,2
WC26_032,2026-06-19,Türkiye,Paraguay,1.223443086778996,-3.05136783863572,-1.44,-0.84,21.0,7.0,-7.0,0,-1
WC26_033,2026-06-20,Germany,Côte d'Ivoire,0.6923474380399478,-0.5894822432531085,3.21,2.28,10.0,5.0,-2.0,0,1
WC26_034,2026-06-20,Ecuador,Curaçao,1.865426260353612,-12.81464459968191,-3.21,-1.51,4.0,4.0,-2.0,-1,0
WC26_035,2026-06-20,Netherlands,Sweden,0.6276133095450827,-0.1537268694676727,-0.1300000000000001,-1.83,-3.0,1.0,2.0,0,4
WC26_036,2026-06-20,Tunisia,Japan,-1.233199996796987,4.513894100584926,0.1300000000000001,0.04,-3.0,-2.0,3.0,0,-4
WC26_037,2026-06-21,Belgium,IR Iran,1.472418114586787,-6.452766877273318,-0.3799999999999996,-0.7000000000000002,-2.0,-2.0,-3.0,0,0
WC26_038,2026-06-21,New Zealand,Egypt,-1.651101890382654,18.08469284099696,0.3799999999999996,0.9200000000000002,0.0,-6.0,5.0,0,-2
WC26_039,2026-06-21,Spain,Saudi Arabia,2.801835448405484,-6.924364001386208,-0.1100000000000001,-2.3,16.0,7.0,-2.0,0,4
WC26_040,2026-06-21,Uruguay,Cabo Verde,1.212095364561588,-5.878626124492881,0.1100000000000001,-0.41,21.0,13.0,-5.0,0,0
WC26_041,2026-06-22,France,Iraq,2.524337304251683,-6.29400210943237,-0.0400000000000001,0.2400000000000001,0.0,1.0,-5.0,0,3
WC26_042,2026-06-22,Norway,Senegal,0.0191101927571199,-0.5050230203052688,0.0400000000000001,1.2,5.0,0.0,-3.0,0,1
WC26_043,2026-06-22,Argentina,Austria,1.435653273310631,-2.94567904407066,0.2099999999999999,-0.6699999999999999,0.0,-2.0,0.0,0,2
WC26_044,2026-06-22,Jordan,Algeria,-0.7869508414465644,6.88321811233606,-0.2099999999999999,0.54,4.0,1.0,2.0,0,-1
WC26_045,2026-06-23,Portugal,Uzbekistan,2.599832517942985,-10.39224248989894,-0.1200000000000001,-0.8300000000000001,-1.0,2.0,-1.0,0,5
WC26_046,2026-06-23,Colombia,Congo DR,1.102589971931706,-2.969209048250935,0.1200000000000001,1.05,7.0,0.0,-1.0,0,1
WC26_047,2026-06-23,England,Ghana,1.894274918439757,-2.296774557524439,2.51,1.38,15.0,6.0,-1.0,0,0
WC26_048,2026-06-23,Panama,Croatia,-0.7994092356837444,5.899552043703327,-2.51,-1.11,1.0,0.0,-5.0,1,-1
WC26_049,2026-06-24,Czechia,Mexico,-0.7889296251211936,0.9404244450695208,0.2550000000000001,-0.0050000000000001,0.0,1.0,2.0,-1,-3
WC26_050,2026-06-24,South Africa,South Korea,-1.069902182785679,4.274151418317016,0.0449999999999999,-0.32,-0.5,1.0,1.5,0,1
WC26_051,2026-06-24,Switzerland,Canada,0.5589884456584314,-1.550129135030211,-0.3599999999999999,-0.4100000000000001,-3.5,-5.5,0.0,-1,1
WC26_052,2026-06-24,Bosnia and Herzegovina,Qatar,0.1880759834337802,-8.887864727091387,-0.3500000000000001,0.0699999999999999,2.5,1.5,-1.5,0,2
WC26_053,2026-06-25,Scotland,Brazil,-1.911807284787753,6.44724279401369,-0.6849999999999998,-0.9200000000000002,-4.0,-1.5,0.5,0,-3
WC26_054,2026-06-25,Morocco,Haiti,2.007878811721011,-8.901384714683857,0.1349999999999999,1.255,4.0,0.0,-1.5,-1,2
WC26_055,2026-06-25,Türkiye,USA,0.176447125133348,-0.3827926351945887,-1.135,-1.575,18.0,5.0,1.0,-1,1
WC26_056,2026-06-25,Paraguay,Australia,0.5278139543058747,-4.187031527226676,0.305,0.31,1.0,-4.0,4.5,0,0
WC26_057,2026-06-26,Ecuador,Germany,-1.340426610391218,2.163586844202602,-1.89,-2.6,-0.5,-1.0,7.5,0,1
WC26_058,2026-06-26,Curaçao,Côte d'Ivoire,-2.513505432704882,14.38874920063141,1.32,0.15,-5.5,-2.5,5.5,1,-2
WC26_059,2026-06-26,Tunisia,Netherlands,-2.271795001949243,6.406397027913587,-0.3650000000000002,-0.8649999999999998,-5.5,-3.5,1.0,0,-2
WC26_060,2026-06-26,Japan,Sweden,-0.4109816956071734,1.738776057860989,-0.4950000000000001,-0.4700000000000002,-3.0,1.0,-2.0,0,0
WC26_061,2026-06-26,Norway,France,-1.201198925651691,1.228679416401491,0.4049999999999998,0.4250000000000002,-3.5,-0.5,0.5,0,-3
WC26_062,2026-06-26,Senegal,Iraq,1.304028185842872,-4.560299672725609,0.365,0.3,0.5,0.5,-1.0,0,5
WC26_063,2026-06-27,New Zealand,Belgium,-2.817051613195504,20.63489561831453,0.5050000000000002,1.64,-6.5,-0.5,3.5,0,-4
WC26_064,2026-06-27,Egypt,IR Iran,0.3064683917739365,-3.902564099955758,0.125,0.615,4.5,2.5,-4.5,0,0
WC26_065,2026-06-27,Uruguay,Spain,-1.896431818780706,2.588516399064297,-0.3349999999999997,0.5099999999999998,1.5,4.0,-1.5,0,-1
WC26_066,2026-06-27,Cabo Verde,Saudi Arabia,-0.3066917349368089,1.542778522170969,-0.445,0.325,3.0,0.0,0.0,0,0
WC26_067,2026-06-27,Jordan,Argentina,-2.28510029060744,9.107921471921152,0.1300000000000001,-0.1650000000000001,-2.5,1.0,4.0,0,-2
WC26_068,2026-06-27,Algeria,Austria,-0.062496175850244,-0.7209756844855666,0.3399999999999998,-0.405,4.5,1.0,0.5,0,0
WC26_069,2026-06-28,Colombia,Portugal,-0.910678112474359,1.271202609519096,-0.8199999999999998,-0.1999999999999999,2.0,-1.5,-1.0,0,0
WC26_070,2026-06-28,Congo DR,Uzbekistan,0.5865644335369194,-6.151830832128907,-0.94,-0.1799999999999999,1.5,1.0,-1.5,0,2
WC26_071,2026-06-28,Panama,England,-2.026973667754645,8.290635033065016,-1.31,-0.565,-7.5,-5.0,-1.0,1,-2
WC26_072,2026-06-28,Croatia,Ghana,0.666710486368856,0.0943084318372502,1.2,0.5349999999999999,4.5,1.0,-0.5,0,1
WC26_073,2026-06-29,South Africa,Canada,-1.454332661845123,6.514671778088422,-0.3066666659999999,-0.803333334,-8.666666670000001,-7.333333333000001,2.0,-1,-1
WC26_074,2026-06-29,Brazil,Japan,1.193281645828847,-1.995180785395793,-0.6333333329999999,0.366666667,2.66666667,1.0,-0.666666666,0,1
WC26_075,2026-06-30,Germany,Paraguay,1.986106419459709,-4.326114393948731,1.763333333000001,0.5033333329999999,11.0,6.666666665999999,-4.333333333,0,0
WC26_076,2026-06-30,Netherlands,Morocco,0.5160148773486545,-0.4368291144753009,1.056666667,0.1466666660000002,-3.0,1.666666665999999,-0.6666666669999999,0,0
WC26_077,2026-06-30,Côte d'Ivoire,Norway,0.0617260632185795,-0.2971486421879319,-0.8666666659999998,-0.4666666680000002,2.666666660000001,0.0,1.333333334,0,-1
WC26_078,2026-07-01,France,Sweden,1.331011619482848,-0.7720622681416816,-0.6299999999999999,0.7799999999999998,2.33333334,1.333333333,-2.0,0,3
WC26_079,2026-07-01,Mexico,Ecuador,0.4647899612868488,-0.0302706406640171,0.016666667,1.139999999,-5.33333333,-3.333333334,-6.666666667,1,2
WC26_080,2026-07-01,England,Congo DR,2.156078820585011,-4.621348472966582,0.3233333329999999,0.2166666670000001,5.000000000000002,4.0,0.3333333339999997,0,1
WC26_081,2026-07-02,Belgium,Senegal,0.3289036454437878,-0.5250339746059915,-0.5233333340000001,-0.9133333329999996,5.33333333,-2.0,-0.9999999999999998,0,1
WC26_082,2026-07-02,USA,Bosnia and Herzegovina,0.9709799934594936,-1.659826833387119,0.0500000010000001,0.3066666659999997,4.0,1.333333333,-2.0,1,2
WC26_083,2026-07-03,Spain,Austria,2.169001411107669,-3.826556338014219,-0.0300000000000002,-1.27,10.000000003,4.0,1.333333333,0,3
WC26_084,2026-07-03,Portugal,Croatia,1.084753695891955,-2.010146174165138,0.54,-0.5033333340000001,1.66666667,1.333333334,1.666666667,0,1
WC26_085,2026-07-03,Switzerland,Algeria,0.4439155817754087,-0.2467282722565817,-0.4066666670000001,0.419999999,2.66666667,3.333333333,1.333333333,0,2
WC26_086,2026-07-04,Australia,Egypt,-0.9036906023808736,5.09632321271753,-0.8033333329999999,-0.3866666670000002,-6.000000003,-1.0,0.0,0,0
WC26_087,2026-07-04,Argentina,Cabo Verde,2.375179045545256,-7.586265229613617,0.7466666679999999,0.436666666,0.3333333300000003,0.0,-4.333333333,0,1
WC26_088,2026-07-04,Colombia,Ghana,0.8407860697864515,-0.6446351328087916,0.793333333,-0.136666667,10.333333337,2.333333334,-1.333333333,0,1
WC26_089,2026-07-04,Paraguay,France,-2.433231843852873,4.668162924909183,-1.435,-0.8425000000000001,-10.25,-4.0,4.0,0,-1
WC26_090,2026-07-04,Canada,Morocco,-0.804881230168091,3.181245789479211,0.1375,-0.1125,3.25,3.75,-1.0,1,-3
WC26_091,2026-07-05,Brazil,Norway,0.6524872563905163,-0.7130218757946132,-0.7649999999999997,0.1174999999999997,5.5,2.0,-1.25,0,-1
WC26_092,2026-07-06,Mexico,England,-1.165967614895211,2.357785752041536,-0.6924999999999998,0.4299999999999999,-4.0,-4.0,-1.0,1,-1
WC26_093,2026-07-06,Portugal,Spain,-0.6218812281676925,0.6710870113278111,0.3600000000000003,0.3474999999999997,-6.5,-2.0,2.0,0,-1
WC26_094,2026-07-07,USA,Belgium,-0.4948304092422011,0.7909192593672825,-1.1025,0.6699999999999999,-8.0,0.5,0.25,1,-3
WC26_095,2026-07-07,Argentina,Egypt,1.646283091367262,-3.05056515914853,0.3775,0.4399999999999999,-1.0,-1.0,-1.0,0,1
WC26_096,2026-07-07,Switzerland,Colombia,-0.2550226645404521,0.9165627604251636,0.2274999999999998,1.0775,-4.25,1.5,1.25,0,0
WC26_097,2026-07-09,France,Morocco,1.21941318728642,-1.05516451314931,0.6040000000000001,0.0019999999999997,4.799999999999999,2.600000000000001,-0.6000000000000001,0,2
WC26_098,2026-07-10,Spain,Belgium,1.213681506351448,-1.38123967577453,-0.716,-0.9440000000000002,-0.3999999999999986,2.8,0.6000000000000001,0,1
WC26_099,2026-07-11,Norway,England,-1.044404467049369,1.111100433943992,0.2219999999999999,0.1819999999999997,-4.4,-1.6,0.6000000000000001,0,-1
WC26_100,2026-07-12,Argentina,Switzerland,1.054233867385467,-1.977975087328511,0.3299999999999997,0.4099999999999999,1.0,-0.5999999999999996,-1.4,0,2
WC26_101,2026-07-14,France,Spain,-0.3222760333864243,0.1725712136737616,-0.006666668,0.926666668,-1.5,-0.5,-0.6666666669999999,0,-2
WC26_102,2026-07-15,England,Argentina,0.2542776458082905,-0.5907270978123,-0.0033333340000001,-0.1949999990000002,-0.6666666699999997,0.3333333340000006,0.8333333330000001,0,-1
WC26_103,2026-07-18,France,England,0.156794458602322,-0.1175789824574988,-0.068571428,-0.0142857139999998,1.85714286,1.0,-0.1428571429999996,0,-2
WC26_104,2026-07-19,Spain,Argentina,0.7333481377970371,-0.8808772939435605,-0.0657142870000002,-0.8428571419999997,3.14285715,2.285714285,0.8571428570000001,0,-1
